﻿SET IDENTITY_INSERT [dbo].[Role] ON
INSERT INTO [dbo].[Role] ([Id], [Name], [Importance])
	VALUES	(1, N'Administrator', 999999),
			(2, N'Everybody', 0),
			(3, N'Student', 0),
			(4, N'Teacher', 0)
SET IDENTITY_INSERT [dbo].[Role] OFF


SET IDENTITY_INSERT [dbo].[Account] ON
INSERT INTO [dbo].[Account]([Id], [Uid], [Login], [Password])
	VALUES	(1, '52118c0f-e9d4-48d5-bbc8-65f0100f07a5', N'admin', 0x3336323739303941323943333133383141303731454332374637433943413937373236313832414544323941374444443245353433353333323243464233304142423945334136444632414332433230464532333433363331314436373835363444304338443330353933303537354636304532443344303438313834443739),
			(2, NEWID(), N'rector',					0x3336323739303941323943333133383141303731454332374637433943413937373236313832414544323941374444443245353433353333323243464233304142423945334136444632414332433230464532333433363331314436373835363444304338443330353933303537354636304532443344303438313834443739),
			(3, NEWID(), N'subdivision_director',	0x3336323739303941323943333133383141303731454332374637433943413937373236313832414544323941374444443245353433353333323243464233304142423945334136444632414332433230464532333433363331314436373835363444304338443330353933303537354636304532443344303438313834443739),
			(4, NEWID(), N'faculty_director',		0x3336323739303941323943333133383141303731454332374637433943413937373236313832414544323941374444443245353433353333323243464233304142423945334136444632414332433230464532333433363331314436373835363444304338443330353933303537354636304532443344303438313834443739),
			(5, NEWID(), N'departament_director',	0x3336323739303941323943333133383141303731454332374637433943413937373236313832414544323941374444443245353433353333323243464233304142423945334136444632414332433230464532333433363331314436373835363444304338443330353933303537354636304532443344303438313834443739)
SET IDENTITY_INSERT [dbo].[Account] OFF


SET IDENTITY_INSERT [dbo].[AccountRole] ON
INSERT INTO [dbo].[AccountRole]([AccountId], [RoleId])
	VALUES	(1,1), (1,2), (1,4),
			(2,2),
			(3,2),
			(4,2),
			(5,2), (5,4)
SET IDENTITY_INSERT [dbo].[AccountRole] OFF


SET IDENTITY_INSERT [dbo].[Personality] ON
INSERT INTO [dbo].[Personality]([Id], [Surname], [Name], [Patronymic])
VALUES	(1, N'Админов', N'Админ', N'Админович'),
		(2, N'Ректоров', N'Ректор', N'Ректорович'),
		(3, N'Начальников', N'Иван', N'Подразделеньевич'),
		(4, N'Директоров', N'Директор', N'Факультетович'),
		(5, N'Заведующев', N'Иван', N'Кафедрович')
SET IDENTITY_INSERT [dbo].[Personality] OFF


SET IDENTITY_INSERT [dbo].[Employee] ON
INSERT INTO [dbo].[Employee] ([Id], [AccountId], [PersonalityId])
VALUES	(1, 1, 1),
		(2, 2, 2),
		(3, 3, 3),
		(4, 4, 4),
		(5, 5, 5)
SET IDENTITY_INSERT [dbo].[Employee] OFF

